{
    "ModFoodComponent" : {
                            "DisplayNameLocalizationId" : "GAMEPLAY_Cookies",
                            "DescriptionLocalizatonId" : "GAMEPLAY_CookiesDescription",
                            "InventoryActionLocalizationId" : "",
                            "WeightKG": 0.10,
                            "DaysToDecay" : 0,
                            "MaxHP" : 100,
                            "InitialCondition" : "Random",
                            "InventoryCategory" : "Food",
                            "PickUpAudio" : "",
                            "PutBackAudio" : "",
                            "StowAudio" : "Play_InventoryStow",
                            "WornOutAudio" : "",
                            "InspectOnPickup" : true,
                            "InspectDistance" : 0.4,
                            "InspectAngles" : [-45, 0, 0],
                            "InspectOffset" : [0, 0, 0],
                            "InspectScale" :  [1, 1, 1],
                            "NormalModel" : "",
                            "InspectModel" : "",

                            "Cooking" : false,
                            "CookingMinutes" : 25,
                            "CookingUnitsRequired" : 1,
                            "CookingWaterRequired" : 0,
                            "CookingResult" : "",
                            "BurntMinutes" : 30,
                            "Type" : "Grub",
                            "CookingAudio" : "",
                            "StartCookingAudio" : "",

                            "DaysToDecayOutdoors" : 10,
                            "DaysToDecayIndoors" : 5,
                            "Calories" : 250,
                            "Servings" : 1,
                            "EatingTime" : 3,
                            "EatingAudio" : "Play_EatingSoft",
                            "EatingPackagedAudio" : "",
                            "ThirstEffect" : -5,

                            "FoodPoisoning" : 0,
                            "FoodPoisoningLowCondition" : 10,
                            "ParasiteRiskIncrements" : [],

                            "Natural" : false,
                            "Raw" : false,
                            "Drink" : false,
                            "Meat" : false,
                            "Fish" : false,
                            "Canned" : false,

                            "Opening" : false,
                            "OpeningWithCanOpener" : false,
                            "OpeningWithKnife" : false,
                            "OpeningWithHatchet" : false,
                            "OpeningWithSmashing" : false,

                            "AffectCondition" : false,
                            "ConditionRestBonus" : 0,
                            "ConditionRestMinutes" : 0,

                            "AffectRest" : false,
                            "InstantRestChange" : 0,
                            "RestFactor" : 1,
                            "RestFactorMinutes" : 0,

                            "AffectCold" : false,
                            "InstantColdChange" : 10,
                            "ColdFactor" : 0.75,
                            "ColdFactorMinutes" : 30,

                            "ContainsAlcohol" : false,
                            "AlcoholPercentage" : 0,
                            "AlcoholUptakeMinutes" : 45
                        }
}