{
    "ModCookableComponent": {
                                "DisplayNameLocalizationId" : "GAMEPLAY_HotCocoaBag",
                                "DescriptionLocalizatonId" : "GAMEPLAY_HotCocoaBagDescription",
                                "InventoryActionLocalizationId" : "",
                                "WeightKG": 0.04,
                                "DaysToDecay" : 300,
                                "MaxHP" : 100,
                                "InitialCondition" : "High",
                                "InventoryCategory" : "Food",
                                "PickUpAudio" : "",
                                "PutBackAudio" : "",
                                "StowAudio" : "Play_InventoryStow",
                                "WornOutAudio" : "",
                                "InspectOnPickup" : true,
                                "InspectDistance" : 0.4,
                                "InspectAngles" : [90, 0, 0],
                                "InspectOffset" : [0, 0, 0],
                                "InspectScale" :  [1, 1, 1],
                                "NormalModel" : "",
                                "InspectModel" : "",

                                "BurntMinutes" : 30,
                                "Cooking" : true,
                                "CookingAudio" : "",
                                "StartCookingAudio" : "",
                                "CookingMinutes" : 13,
                                "CookingResult" : "GEAR_HotCocoaCup",
                                "CookingUnitsRequired" : 1,
                                "CookingWaterRequired" : 0.25,
                                "Type" : "Liquid"
                            },
    "ModStackableComponent": {
                                "SingleUnitTextId" : "GAMEPLAY_HotCocoaBoxStackSingle",
                                "MultipleUnitTextId" : "GAMEPLAY_HotCocoaBoxStackMultiple",
                                "StackSprite" : "",
                                "UnitsPerItem" : 1,
                                "ChanceFull" : 1
                            }
}