{
    "ModFoodComponent": {
                                "DisplayNameLocalizationId" : "GAMEPLAY_HotCocoaCup",
                                "DescriptionLocalizatonId" : "GAMEPLAY_HotCocoaCupDescription",
                                "InventoryActionLocalizationId" : "",
                                "WeightKG": 0.15,
                                "DaysToDecay" : 0,
                                "MaxHP" : 100,
                                "InitialCondition" : "Perfect",
                                "InventoryCategory" : "Food",
                                "Radial" : "None",
                                "PickUpAudio" : "",
                                "PutBackAudio" : "",
                                "StowAudio" : "Play_InventoryStow",
                                "WornOutAudio" : "",
                                "InspectOnPickup" : true,
                                "InspectDistance" : 0.4,
                                "InspectAngles" : [0, 0, 0],
                                "InspectOffset" : [0, -0.05, 0],
                                "InspectScale" :  [0.7, 0.7, 0.7],
                                "NormalModel" : "",
                                "InspectModel" : "",

                                "BurntMinutes" : 30,
                                "Cooking" : true,
                                "CookingAudio" : "",
                                "StartCookingAudio" : "",
                                "CookingMinutes" : 8,
                                "CookingResult" : "",
                                "CookingUnitsRequired" : 1,
                                "CookingWaterRequired" : 0,
                                "Type" : "Liquid",

                                "DaysToDecayOutdoors" : 0,
                                "DaysToDecayIndoors" : 0,
                                "Calories" : 150,
                                "Servings" : 2,
                                "EatingTime" : 3,
                                "EatingAudio" : "",
                                "EatingPackagedAudio" : "",
                                "ThirstEffect" : 35,
                                "FoodPoisoning" : 0,
                                "FoodPoisoningLowCondition" : 0,
                                "ParasiteRiskIncrements" : [0],
                                "Natural" : false,
                                "Raw" : false,
                                "Drink" : true,
                                "Meat" : false,
                                "Fish" : false,
                                "Canned" : false,
                                "Opening" : false,
                                "OpeningWithCanOpener" : false,
                                "OpeningWithKnife" : false,
                                "OpeningWithHatchet" : false,
                                "OpeningWithSmashing" : false,
                                "AffectCondition" : false,
                                "ConditionRestBonus" : 1,
                                "ConditionRestMinutes" : 60,
                                "AffectRest" : false,
                                "InstantRestChange" : 10,
                                "RestFactor" : 1,
                                "RestFactorMinutes" : 35,
                                "AffectCold" : true,
                                "InstantColdChange" : 30,
                                "ColdFactor" : 0.5,
                                "ColdFactorMinutes" : 60,
                                "ContainsAlcohol" : false,
                                "AlcoholPercentage" : 100,
                                "AlcoholUptakeMinutes" : 5
                            }


}